mode,lstm_mae_emisi,lstm_mae_kemiskinan,lstm_r2_emisi,lstm_r2_kemiskinan,anfis_mse,anfis_mae
from-com,0.013757523149251938,0.00770913902670145,0.9853025078773499,0.9966252446174622,1.5894936495897127e-06,0.000893542543053627
